{
  "eye": {
    "orientation": [
      0.7071068286895752,
      0,
      0,
      0.7071068286895752
    ],
    "magnitude": 1,
    "position": [
      241.42501831054688,
      -2007.5001220703125,
      207.5879364013672
    ]
  },
  "radius": 1500,
  "type": "PERSPECTIVE"
}