{
  "eye": {
    "orientation": [
      0.06985203921794891,
      -0.649628758430481,
      -0.18365009129047394,
      0.7344222068786621
    ],
    "magnitude": 1,
    "position": [
      292.0745544433594,
      653.3380737304688,
      262.7512512207031
    ]
  },
  "radius": 793.2212524414062,
  "type": "PERSPECTIVE"
}