{
  "eye": {
    "orientation": [
      -0.7288636565208435,
      -0.2746877074241638,
      0.11188417673110962,
      0.617078959941864
    ],
    "magnitude": 1,
    "position": [
      282.79742431640625,
      597.8353271484375,
      276.9469299316406
    ]
  },
  "radius": 793.2212524414062,
  "type": "PERSPECTIVE"
}