{
  "eye": {
    "orientation": [
      -0.007242934312671423,
      -0.4197876751422882,
      -0.024863192811608315,
      0.907252848148346
    ],
    "magnitude": 0.5773502588272095,
    "position": [
      -567.8345947265625,
      414.0946044921875,
      1327.1358642578125
    ]
  },
  "radius": 793.2212524414062,
  "type": "PERSPECTIVE"
}