{
  "eye": {
    "orientation": [
      -0.8105340003967285,
      -0.3310275375843048,
      -0.11835813522338867,
      0.46845152974128723
    ],
    "magnitude": 1,
    "position": [
      504.5931701660156,
      489.1581115722656,
      77.30860900878906
    ]
  },
  "radius": 793.2212524414062,
  "type": "PERSPECTIVE"
}